station_id,pollutant,lead_time,model,n,mae,rmse
TBD_001,PM10,1,persistence,2,5.9499999999999975,6.174544517614232
TBD_001,PM10,2,persistence,1,3.3000000000000007,3.3000000000000007
TBD_001,PM25,1,persistence,2,2.0999999999999988,2.213594362117864
TBD_001,PM25,2,persistence,1,1.4000000000000004,1.4000000000000004
